City_ID,City,Country,Date,Lat,Lng,Max Temp,Humidity,Cloudiness,Wind Speed
0,Ketchikan,US,2022-02-15 22:43:43,55.3422,-131.6461,40.98,98,100,2.1
1,Kaitangata,NZ,2022-02-15 22:43:43,-46.2817,169.8464,62.92,63,86,7.43
2,Batticaloa,LK,2022-02-15 22:43:43,7.7102,81.6924,75.15,73,70,8.1
3,Yellowknife,CA,2022-02-15 22:42:45,62.456,-114.3525,-16.58,70,0,9.22
4,Hermanus,ZA,2022-02-15 22:43:44,-34.4187,19.2345,68.81,78,73,9.64
5,Bongaree,AU,2022-02-15 22:43:44,-27.0797,153.1586,79.29,64,21,15.79
6,Karratha,AU,2022-02-15 22:43:44,-20.7377,116.8463,86.9,66,4,9.75
7,Qaanaaq,GL,2022-02-15 22:43:45,77.484,-69.3632,-14.24,89,99,2.86
8,Soyo,AO,2022-02-15 22:43:45,-6.1349,12.3689,79.25,89,100,5.26
9,Muros,ES,2022-02-15 22:43:45,42.7762,-9.0603,57.09,82,100,15.12
10,Buchanan,LR,2022-02-15 22:43:46,5.8808,-10.0467,78.76,87,71,6.22
11,Torbay,CA,2022-02-15 22:43:46,47.6666,-52.7314,15.28,83,20,20.71
12,Busselton,AU,2022-02-15 22:43:46,-33.65,115.3333,65.08,71,0,10.83
13,Dossor,KZ,2022-02-15 22:43:46,47.5272,52.9811,29.89,68,69,8.25
14,Avarua,CK,2022-02-15 22:43:47,-21.2078,-159.775,80.65,78,40,10.36
15,Karasjok,NO,2022-02-15 22:43:48,69.4719,25.5112,17.71,99,96,3.27
16,Erenhot,CN,2022-02-15 22:43:48,43.6475,111.9767,-8.61,98,18,2.59
17,Sibi,PK,2022-02-15 22:42:11,29.5448,67.8764,65.19,29,0,7.67
18,Clyde River,CA,2022-02-15 22:43:49,70.4692,-68.5914,-28.97,68,0,3.44
19,Buta,CD,2022-02-15 22:43:49,2.7858,24.73,71.92,49,84,0.74
20,Port Blair,IN,2022-02-15 22:43:49,11.6667,92.75,78.84,94,75,4.61
21,Beira,MZ,2022-02-15 22:43:50,-19.8436,34.8389,82.49,78,75,14.97
22,Castro,BR,2022-02-15 22:39:49,-24.7911,-50.0119,65.07,90,35,5.48
23,Khatanga,RU,2022-02-15 22:43:50,71.9667,102.5,-27.35,100,92,5.1
24,Bardiyah,LY,2022-02-15 22:43:51,31.7561,25.0865,54.68,76,27,2.57
25,Punta Arenas,CL,2022-02-15 22:39:42,-53.15,-70.9167,46.51,61,75,29.93
26,Kodiak,US,2022-02-15 22:43:51,57.79,-152.4072,38.71,87,100,3.44
27,Rikitea,PF,2022-02-15 22:41:47,-23.1203,-134.9692,78.6,66,50,10.0
28,Kapaa,US,2022-02-15 22:43:52,22.0752,-159.319,79.2,65,20,13.8
29,Lufilufi,WS,2022-02-15 22:43:52,-13.8745,-171.5986,85.78,75,77,7.9
30,Bethel,US,2022-02-15 22:43:53,41.3712,-73.414,28.51,46,0,5.75
31,Albany,US,2022-02-15 22:42:11,42.6001,-73.9662,25.36,58,86,3.38
32,Ushuaia,AR,2022-02-15 22:41:33,-54.8,-68.3,47.82,81,75,36.82
33,Hobyo,SO,2022-02-15 22:43:53,5.3505,48.5268,75.76,70,3,16.26
34,San Quintin,MX,2022-02-15 22:43:53,30.4833,-115.95,59.79,69,61,9.93
35,New Norfolk,AU,2022-02-15 22:43:54,-42.7826,147.0587,67.66,64,96,2.75
36,Fraga,ES,2022-02-15 22:43:54,41.5229,0.3489,50.52,51,100,14.58
37,Nikolskoye,RU,2022-02-15 22:43:54,59.7035,30.7861,37.87,98,100,11.39
38,Hamilton,US,2022-02-15 22:43:55,39.1834,-84.5333,52.65,33,0,11.5
39,Seoul,KR,2022-02-15 22:43:03,37.5683,126.9778,20.71,60,0,9.22
40,Abu Kamal,SY,2022-02-15 22:43:55,34.4506,40.9171,56.71,46,60,2.51
41,Zyryanka,RU,2022-02-15 22:43:56,65.75,150.85,-34.96,100,39,3.6
42,Hobart,AU,2022-02-15 22:43:05,-42.8794,147.3294,68.02,73,75,5.75
43,Iqaluit,CA,2022-02-15 22:43:56,63.7506,-68.5145,-29.31,73,75,9.22
44,Tottori,JP,2022-02-15 22:42:16,35.5,134.2333,35.67,60,75,20.71
45,Mar Del Plata,AR,2022-02-15 22:42:43,-38.0023,-57.5575,87.82,42,0,12.66
46,Severo-Kurilsk,RU,2022-02-15 22:38:58,50.6789,156.125,27.91,70,100,11.7
47,Vardo,NO,2022-02-15 22:43:57,70.3705,31.1107,29.95,70,100,18.03
48,Cidreira,BR,2022-02-15 22:44:57,-30.1811,-50.2056,71.29,79,0,7.23
49,Leningradskiy,RU,2022-02-15 22:44:58,69.3833,178.4167,-15.09,97,100,5.91
50,Touros,BR,2022-02-15 22:44:58,-5.1989,-35.4608,83.3,76,4,15.23
51,Kangaatsiaq,GL,2022-02-15 22:44:58,68.3065,-53.4641,-2.72,84,100,5.75
52,Luocheng,CN,2022-02-15 22:44:59,29.3848,104.0286,50.99,81,100,3.0
53,Barrow,US,2022-02-15 22:44:59,71.2906,-156.7887,-27.38,68,0,10.36
54,Puerto Ayora,EC,2022-02-15 22:44:59,-0.7393,-90.3518,85.96,88,91,7.0
55,Okitipupa,NG,2022-02-15 22:45:00,6.5047,4.7839,75.78,97,7,2.28
56,Bredasdorp,ZA,2022-02-15 22:45:00,-34.5322,20.0403,68.29,83,37,8.05
57,Konevo,RU,2022-02-15 22:45:00,62.1215,39.3192,33.19,96,100,9.35
58,Dalry,GB,2022-02-15 22:45:01,55.6833,-4.7167,43.16,91,100,15.46
59,Ouahigouya,BF,2022-02-15 22:45:01,13.5828,-2.4216,75.45,12,3,10.71
60,Saint-Philippe,RE,2022-02-15 22:45:02,-21.3585,55.7679,78.35,83,38,10.42
61,Ozernovskiy,RU,2022-02-15 22:45:02,51.5,156.5167,25.21,66,100,5.19
62,Hilo,US,2022-02-15 22:43:29,19.7297,-155.09,80.33,63,20,9.22
63,Abashiri,JP,2022-02-15 22:45:02,44.0213,144.2697,15.94,86,91,2.19
64,Chokurdakh,RU,2022-02-15 22:45:03,70.6333,147.9167,-35.46,100,75,4.5
65,Narsaq,GL,2022-02-15 22:45:03,60.9167,-46.05,5.22,70,45,10.92
66,Margate,GB,2022-02-15 22:45:04,51.3813,1.3862,49.96,88,100,4.0
67,Poum,NC,2022-02-15 22:45:04,-20.2333,164.0167,82.36,74,29,9.71
68,Mataura,NZ,2022-02-15 22:45:04,-46.1927,168.8643,56.48,59,75,5.19
69,Ariquemes,BR,2022-02-15 22:45:05,-9.9133,-63.0408,72.48,99,100,1.95
70,Tomatlan,MX,2022-02-15 22:45:05,19.9333,-105.25,86.59,34,0,8.55
71,Chuy,UY,2022-02-15 22:45:05,-33.6971,-53.4616,68.94,67,0,8.21
72,Henties Bay,NA,2022-02-15 22:45:06,-22.116,14.2845,71.85,88,89,8.79
73,Saint George,US,2022-02-15 22:45:06,37.1041,-113.5841,68.47,12,0,28.77
74,Namatanai,PG,2022-02-15 22:45:07,-3.6667,152.4333,80.1,81,96,3.15
75,Nioro,GM,2022-02-15 22:45:07,13.35,-15.75,79.92,13,59,8.37
76,Cape Town,ZA,2022-02-15 22:45:07,-33.9258,18.4232,71.89,75,75,8.05
77,Caninde De Sao Francisco,BR,2022-02-15 22:45:08,-9.66,-37.7894,81.9,54,60,13.6
78,Ruteng,ID,2022-02-15 22:45:08,-8.6136,120.4721,63.91,89,84,1.12
79,Moses Lake,US,2022-02-15 22:41:40,47.1301,-119.2781,50.68,53,0,4.61
80,Pevek,RU,2022-02-15 22:45:09,69.7008,170.3133,-22.16,99,100,3.33
81,Atuona,PF,2022-02-15 22:45:09,-9.8,-139.0333,77.5,77,7,14.52
82,Ippy,CF,2022-02-15 22:45:10,6.2679,21.2247,76.64,15,100,3.91
83,Jamestown,US,2022-02-15 22:45:10,42.097,-79.2353,31.32,46,0,4.61
84,Souillac,MU,2022-02-15 22:45:10,-20.5167,57.5167,79.18,89,40,6.91
85,Kuala Terengganu,MY,2022-02-15 22:40:26,5.3302,103.1408,75.15,100,20,3.44
86,Nanortalik,GL,2022-02-15 22:45:11,60.1432,-45.2371,11.43,64,53,36.37
87,Salalah,OM,2022-02-15 22:45:11,17.0151,54.0924,69.89,40,0,4.61
88,Kitimat,CA,2022-02-15 22:42:26,54.0524,-128.6534,41.92,68,100,1.01
89,Dolzhanskaya,RU,2022-02-15 22:45:12,46.6311,37.8039,33.91,83,15,8.21
90,Half Moon Bay,US,2022-02-15 22:45:12,37.4636,-122.4286,63.37,47,0,18.41
91,Ostrovnoy,RU,2022-02-15 22:45:12,68.0531,39.5131,18.84,91,24,20.33
92,Mackay,AU,2022-02-15 22:41:13,-21.15,149.2,77.68,88,75,11.5
93,Presque Isle,US,2022-02-15 22:45:13,46.6811,-68.0159,12.18,53,75,13.8
94,Airai,TL,2022-02-15 22:45:13,-8.9266,125.4092,62.28,74,85,1.99
95,Marsh Harbour,BS,2022-02-15 22:46:14,26.5412,-77.0636,69.22,64,100,25.64
96,Port Alfred,ZA,2022-02-15 22:46:14,-33.5906,26.891,71.65,94,100,3.91
97,Cap Malheureux,MU,2022-02-15 22:46:15,-19.9842,57.6142,79.29,82,41,11.59
98,Georgetown,MY,2022-02-15 22:44:49,5.4112,100.3354,78.73,92,20,2.3
99,Waslala,NI,2022-02-15 22:46:15,13.2333,-85.3833,84.54,65,76,8.68
100,Cherskiy,RU,2022-02-15 22:46:16,68.75,161.3,-34.55,100,100,4.54
101,Bluff,NZ,2022-02-15 22:46:16,-46.6,168.3333,56.8,54,32,7.31
102,Esperance,AU,2022-02-15 22:46:17,-33.8667,121.9,57.04,67,0,6.04
103,Alihe,CN,2022-02-15 22:46:17,50.5667,123.7167,-7.83,99,97,3.42
104,Kahului,US,2022-02-15 22:46:17,20.8947,-156.47,83.46,64,40,19.57
105,Potam,MX,2022-02-15 22:46:18,27.6,-110.3833,84.92,20,59,11.54
106,Seymchan,RU,2022-02-15 22:46:18,62.8833,152.4333,-37.39,99,69,2.04
107,Beitbridge,ZW,2022-02-15 22:46:18,-22.2167,30.0,73.15,73,2,16.17
108,Bloemhof,ZA,2022-02-15 22:46:19,-27.6469,25.607,67.33,59,78,3.65
109,Ponta Do Sol,PT,2022-02-15 22:46:19,32.6667,-17.1,62.06,62,45,7.29
110,Faanui,PF,2022-02-15 22:46:20,-16.4833,-151.75,81.84,70,23,15.57
111,Marzuq,YE,2022-02-15 22:46:20,14.4,46.4667,58.24,25,1,3.27
112,Sorland,NO,2022-02-15 22:46:20,67.667,12.6934,32.77,54,50,26.13
113,Coihaique,CL,2022-02-15 22:46:21,-45.5752,-72.0662,56.01,76,100,5.75
114,Arraial Do Cabo,BR,2022-02-15 22:46:21,-22.9661,-42.0278,78.76,89,40,10.36
115,Deputatskiy,RU,2022-02-15 22:46:21,69.3,139.9,-24.97,91,4,2.64
116,Talara,PE,2022-02-15 22:46:22,-4.5772,-81.2719,79.56,57,0,16.11
117,Caravelas,BR,2022-02-15 22:46:22,-17.7125,-39.2481,78.44,85,73,9.28
118,Puro,PH,2022-02-15 22:46:22,12.4841,123.3827,75.97,82,44,6.89
119,Ejea De Los Caballeros,ES,2022-02-15 22:46:23,42.1263,-1.1372,48.74,73,97,5.14
120,Dikson,RU,2022-02-15 22:46:23,73.5069,80.5464,-18.9,93,98,5.37
121,Northam,GB,2022-02-15 22:46:24,51.0333,-4.2167,52.43,97,100,27.78
122,Cayenne,GF,2022-02-15 22:46:24,4.9333,-52.3333,79.09,87,75,3.44
123,Deori,IN,2022-02-15 22:46:24,21.45,82.6167,62.01,38,1,2.17
124,Evans,US,2022-02-15 22:46:25,33.5337,-82.1307,63.61,38,0,8.05
125,Vaini,TO,2022-02-15 22:46:25,-21.2,-175.2,84.36,74,20,8.05
126,East London,ZA,2022-02-15 22:46:26,-33.0153,27.9116,73.45,90,98,19.24
127,Saldanha,ZA,2022-02-15 22:46:26,-33.0117,17.9442,65.28,86,37,12.55
128,Tasiilaq,GL,2022-02-15 22:46:27,65.6145,-37.6368,28.56,93,100,25.46
129,Cherusti,RU,2022-02-15 22:46:27,55.5498,40.0107,18.3,89,64,6.96
130,Tuatapere,NZ,2022-02-15 22:46:27,-46.1333,167.6833,56.82,63,81,5.95
131,Saint-Augustin,CA,2022-02-15 22:46:28,51.226,-58.6502,-4.88,88,76,7.81
132,Longyearbyen,SJ,2022-02-15 22:46:28,78.2186,15.6401,19.24,86,75,0.0
133,Ornskoldsvik,SE,2022-02-15 22:46:28,63.2909,18.7153,26.42,93,100,9.22
134,Ponta Delgada,PT,2022-02-15 22:46:29,37.7333,-25.6667,64.51,82,75,10.36
135,Rocha,UY,2022-02-15 22:43:49,-34.4833,-54.3333,69.17,65,0,8.05
136,Buala,SB,2022-02-15 22:46:29,-8.145,159.5921,83.82,71,66,5.64
137,Turtas,RU,2022-02-15 22:46:29,58.9417,69.1325,-9.17,100,58,4.41
138,Pisco,PE,2022-02-15 22:46:30,-13.7,-76.2167,75.25,64,0,23.02
139,Goundam,ML,2022-02-15 22:46:30,16.4145,-3.6708,67.89,15,97,10.74
140,Marsa Matruh,EG,2022-02-15 22:47:30,31.3525,27.2453,57.4,67,20,9.22
141,Sur,OM,2022-02-15 22:47:31,22.5667,59.5289,69.46,62,0,4.38
142,Talnakh,RU,2022-02-15 22:47:31,69.4865,88.3972,-15.83,83,75,4.79
143,Mata Grande,BR,2022-02-15 22:47:32,-9.1175,-37.7322,78.66,46,27,15.32
144,Aden,YE,2022-02-15 22:47:32,12.7794,45.0367,76.1,72,26,10.67
145,Bambous Virieux,MU,2022-02-15 22:47:33,-20.3428,57.7575,79.05,89,40,6.91
146,Belmonte,BR,2022-02-15 22:47:33,-15.8631,-38.8828,82.9,85,12,8.3
147,Alugan,PH,2022-02-15 22:47:33,12.2188,125.4808,77.72,80,65,5.91
148,Mahebourg,MU,2022-02-15 22:45:53,-20.4081,57.7,79.09,89,40,6.91
149,Plettenberg Bay,ZA,2022-02-15 22:47:34,-34.0527,23.3716,71.1,94,100,1.59
150,Krasnoselkup,RU,2022-02-15 22:47:34,65.7,82.4667,-17.09,94,17,8.46
151,College,US,2022-02-15 22:47:34,64.8569,-147.8028,5.58,78,100,4.61
152,Imbituba,BR,2022-02-15 22:47:35,-28.24,-48.6703,76.89,73,0,3.22
153,Barreirinha,BR,2022-02-15 22:47:35,-2.7933,-57.07,73.15,99,100,0.96
154,Tuktoyaktuk,CA,2022-02-15 22:47:36,69.4541,-133.0374,-27.4,75,75,12.66
155,Butaritari,KI,2022-02-15 22:47:36,3.0707,172.7902,81.91,75,43,15.59
156,Barahona,DO,2022-02-15 22:47:36,18.2085,-71.1008,84.02,70,75,13.8
157,Askino,RU,2022-02-15 22:47:37,56.0901,56.5783,18.14,95,100,9.95
158,Guerrero Negro,MX,2022-02-15 22:47:37,27.9769,-114.0611,67.14,57,44,13.78
159,Mwense,ZM,2022-02-15 22:47:38,-10.3845,28.698,64.06,97,99,2.44
160,Carnarvon,AU,2022-02-15 22:47:38,-24.8667,113.6333,78.87,57,7,8.05
161,Matara,LK,2022-02-15 22:47:38,5.9485,80.5353,73.49,91,90,3.53
162,Constitucion,CL,2022-02-15 22:46:35,-35.3333,-72.4167,61.74,76,53,9.78
163,Kifri,IQ,2022-02-15 22:47:39,34.6959,44.9661,52.86,51,0,5.55
164,Doha,QA,2022-02-15 22:44:15,25.2867,51.5333,62.58,72,0,6.91
165,Bartica,GY,2022-02-15 22:47:40,6.4,-58.6167,79.12,98,97,3.2
166,Zdvinsk,RU,2022-02-15 22:47:40,54.7021,78.661,4.95,95,100,12.12
167,Port Hawkesbury,CA,2022-02-15 22:47:41,45.6169,-61.3485,11.79,79,100,18.41
168,Kpandu,GH,2022-02-15 22:47:41,6.9954,0.2931,80.65,78,32,12.55
169,Motozintla,MX,2022-02-15 22:45:13,15.3667,-92.2333,69.67,59,58,3.38
170,Lac Du Bonnet,CA,2022-02-15 22:47:41,50.2536,-96.0612,13.15,94,100,7.0
171,Victoria,HK,2022-02-15 22:45:04,22.2855,114.1577,61.32,82,100,13.0
172,Upernavik,GL,2022-02-15 22:47:42,72.7868,-56.1549,-15.2,93,100,10.71
173,Gornyy,RU,2022-02-15 22:47:42,55.1153,83.9059,-0.98,96,53,7.34
174,Ancud,CL,2022-02-15 22:47:42,-41.8697,-73.8203,67.42,83,100,9.08
175,Rapina,EE,2022-02-15 22:47:43,58.0981,27.4636,37.69,97,100,11.86
176,Bathsheba,BB,2022-02-15 22:47:43,13.2167,-59.5167,79.41,73,40,20.71
177,Sitka,US,2022-02-15 22:47:43,57.0531,-135.33,42.69,87,100,4.61
178,Katrineholm,SE,2022-02-15 22:47:44,58.9959,16.2072,36.43,83,87,8.68
179,Bumba,CD,2022-02-15 22:47:45,2.1833,22.4667,76.73,47,86,1.05
180,Toora-Khem,RU,2022-02-15 22:47:45,52.4675,96.11,1.17,98,100,1.77
181,Sandakan,MY,2022-02-15 22:47:45,5.8402,118.1179,76.68,94,40,5.01
182,Monrovia,LR,2022-02-15 22:45:57,6.3005,-10.7969,78.57,89,26,6.24
183,Lompoc,US,2022-02-15 22:47:45,34.6391,-120.4579,61.57,53,0,27.63
184,Banda Aceh,ID,2022-02-15 22:48:46,5.5577,95.3222,77.31,84,99,5.21
185,Provideniya,RU,2022-02-15 22:48:47,64.3833,-173.3,0.36,65,0,18.01
186,Luorong,CN,2022-02-15 22:48:47,24.4058,109.6086,51.64,87,100,3.85
187,Sukumo,JP,2022-02-15 22:48:48,32.9333,132.7333,38.66,60,11,16.91
188,Holme,DK,2022-02-15 22:48:49,56.1138,10.1725,40.64,93,100,14.99
189,Codrington,AU,2022-02-15 22:48:49,-38.2667,141.9667,63.41,64,100,1.12
190,Filingue,NE,2022-02-15 22:48:49,14.3521,3.3168,80.65,12,0,6.91
191,Te Anau,NZ,2022-02-15 22:48:50,-45.4167,167.7167,65.48,58,42,0.58
192,Boksitogorsk,RU,2022-02-15 22:48:50,59.474,33.8485,32.61,91,100,12.19
193,Jalapa,MX,2022-02-15 22:45:27,19.5333,-96.9167,61.43,60,21,4.76
194,Port Macquarie,AU,2022-02-15 22:48:50,-31.4333,152.9167,76.89,61,23,2.42
195,Arica,CL,2022-02-15 22:48:51,-18.475,-70.3042,74.75,64,0,9.22
196,Gorontalo,ID,2022-02-15 22:48:51,0.5412,123.0595,75.85,92,96,2.82
197,Yuanping,CN,2022-02-15 22:48:52,38.7153,112.7575,19.15,53,0,3.98
198,Ahipara,NZ,2022-02-15 22:48:53,-35.1667,173.1667,70.99,55,92,4.9
199,Saint-Joseph,RE,2022-02-15 22:48:53,-21.3667,55.6167,77.36,82,19,10.92
200,Hasaki,JP,2022-02-15 22:48:54,35.7333,140.8333,36.0,73,7,11.07
201,Atar,MR,2022-02-15 22:48:55,20.5169,-13.0499,68.59,19,100,9.69
202,Longyan,CN,2022-02-15 22:48:55,25.1072,117.0225,49.42,95,70,1.97
203,La Florida,CO,2022-02-15 22:48:56,1.2985,-77.4061,66.42,88,75,6.91
204,Kasulu,TZ,2022-02-15 22:48:56,-4.5767,30.1025,63.84,88,100,2.3
205,San Rafael Del Sur,NI,2022-02-15 22:48:56,11.8485,-86.4384,88.77,38,9,17.6
206,Los Llanos De Aridane,ES,2022-02-15 22:48:57,28.6585,-17.9182,59.13,73,75,13.8
207,Kavieng,PG,2022-02-15 22:48:57,-2.5744,150.7967,79.99,76,100,2.19
208,Tibati,CM,2022-02-15 22:48:57,6.4667,12.6333,69.49,20,2,3.47
209,Rosamorada,MX,2022-02-15 22:48:58,22.1222,-105.2058,88.16,28,0,8.97
210,Grand-Santi,GF,2022-02-15 22:48:58,4.25,-54.3833,71.35,100,100,1.66
211,Caudebec-Les-Elbeuf,FR,2022-02-15 22:48:58,49.2808,1.022,50.43,87,100,19.57
212,Dakar,SN,2022-02-15 22:48:59,14.6937,-17.4441,72.48,68,0,4.61
213,Kasugai,JP,2022-02-15 22:48:59,35.2476,136.9723,40.73,79,75,1.14
214,Taurage,LT,2022-02-15 22:48:59,55.2522,22.2897,36.28,95,99,5.48
215,Geraldton,AU,2022-02-15 22:48:59,-28.7667,114.6,73.81,68,1,5.75
216,Zaton,RU,2022-02-15 22:49:00,53.2936,83.8072,4.59,72,40,11.18
217,Uchiza,PE,2022-02-15 22:49:00,-8.4592,-76.4633,74.41,95,94,1.57
218,Piacabucu,BR,2022-02-15 22:49:01,-10.4056,-36.4344,79.36,73,0,10.16
219,Mount Isa,AU,2022-02-15 22:49:01,-20.7333,139.5,83.97,51,86,11.5
220,Gore,NZ,2022-02-15 22:49:01,-46.1028,168.9436,56.23,69,84,4.7
221,Tifton,US,2022-02-15 22:48:06,31.4505,-83.5085,65.66,31,0,3.44
222,Pinhao,BR,2022-02-15 22:49:02,-25.6956,-51.6597,68.05,41,18,2.68
223,Sibolga,ID,2022-02-15 22:49:03,1.7427,98.7792,76.08,88,100,3.94
224,Tarbes,FR,2022-02-15 22:49:03,43.25,0.1667,48.67,66,75,9.22
225,Benguela,AO,2022-02-15 22:49:03,-12.5763,13.4055,77.38,77,67,3.13
226,Nome,US,2022-02-15 22:48:57,64.5011,-165.4064,-3.93,65,0,0.0
227,Sioux Lookout,CA,2022-02-15 22:49:04,50.1001,-91.917,10.78,85,100,5.75
228,Neuquen,AR,2022-02-15 22:47:15,-38.9516,-68.0591,94.89,20,0,2.3
229,Ekibastuz,KZ,2022-02-15 22:50:05,51.6667,75.3667,-1.97,93,57,12.82
230,Asau,RO,2022-02-15 22:50:05,46.4333,26.4,40.95,76,65,5.39
231,San Policarpo,PH,2022-02-15 22:50:05,12.1791,125.5072,78.13,79,69,6.02
232,Namestovo,SK,2022-02-15 22:50:06,49.4079,19.4803,38.59,99,99,2.57
233,Ribeira Grande,PT,2022-02-15 22:50:06,38.5167,-28.7,61.65,91,99,16.71
234,Pangnirtung,CA,2022-02-15 22:50:06,66.1451,-65.7125,-32.8,68,20,0.0
235,Darnah,LY,2022-02-15 22:50:07,32.767,22.6367,55.72,71,50,10.02
236,Havre-Saint-Pierre,CA,2022-02-15 22:50:07,50.2334,-63.5986,8.6,60,0,19.57
237,Marawi,PH,2022-02-15 22:50:07,7.9986,124.2928,64.65,93,84,2.89
238,Agadez,NE,2022-02-15 22:50:08,19.75,10.25,66.67,13,48,5.75
239,Kutum,SD,2022-02-15 22:50:08,14.2,24.6667,60.26,17,92,9.62
240,Ilulissat,GL,2022-02-15 22:50:09,69.2167,-51.1,-3.08,99,100,0.96
241,Kendari,ID,2022-02-15 22:50:09,-3.945,122.4989,75.06,93,99,3.38
242,Cervo,ES,2022-02-15 22:50:10,43.6702,-7.4101,52.97,78,100,18.37
243,Roma,US,2022-02-15 22:50:10,43.2128,-75.4557,23.85,65,20,6.91
244,Mocajuba,BR,2022-02-15 22:50:10,-2.5842,-49.5072,74.48,97,96,2.73
245,Mogadouro,PT,2022-02-15 22:50:11,41.3403,-6.7119,39.25,87,100,4.56
246,Vangaindrano,MG,2022-02-15 22:50:12,-23.35,47.6,74.39,93,53,4.56
247,Cabedelo,BR,2022-02-15 22:50:12,-6.9811,-34.8339,81.27,75,0,11.25
248,Santa Maria Del Oro,MX,2022-02-15 22:45:15,25.9333,-105.3667,75.9,14,0,20.76
249,Cabo San Lucas,MX,2022-02-15 22:49:34,22.8909,-109.9124,88.52,46,0,10.69
250,Padang,ID,2022-02-15 22:50:12,-0.9492,100.3543,75.25,85,82,3.94
251,Yaqui,MX,2022-02-15 22:50:13,27.3667,-110.1667,81.3,17,58,12.17
252,Cunha,BR,2022-02-15 22:50:13,-23.0744,-44.9597,65.62,98,94,4.0
253,Gamba,GA,2022-02-15 22:50:14,-2.65,10.0,77.54,89,52,5.21
254,Berdigestyakh,RU,2022-02-15 22:50:14,62.0989,126.6992,-33.59,100,52,1.88
255,Lagoa,PT,2022-02-15 22:50:14,39.05,-27.9833,60.55,90,100,21.32
256,Komsomolskiy,UZ,2022-02-15 22:50:14,40.4272,71.7189,35.02,80,88,9.22
257,Budapest,HU,2022-02-15 22:50:15,47.498,19.0399,44.85,87,75,3.44
258,Kalmunai,LK,2022-02-15 22:50:16,7.4167,81.8167,73.08,78,97,8.34
259,Nortelandia,BR,2022-02-15 22:50:16,-14.4547,-56.8028,76.71,87,53,1.28
260,Douglas,US,2022-02-15 22:50:16,41.3,-96.167,64.22,32,0,9.22
261,Usinsk,RU,2022-02-15 22:50:17,65.9939,57.5281,14.38,97,95,13.85
262,Hay River,CA,2022-02-15 22:50:18,60.8156,-115.7999,-20.22,63,20,8.05
263,Zadar,HR,2022-02-15 22:50:18,44.1197,15.2422,52.65,76,40,6.91
264,Hithadhoo,MV,2022-02-15 22:50:18,-0.6,73.0833,83.12,65,97,15.64
265,Mount Gambier,AU,2022-02-15 22:50:19,-37.8333,140.7667,62.51,82,75,5.75
266,Saskylakh,RU,2022-02-15 22:50:19,71.9167,114.0833,-29.69,100,55,1.9
267,Kirakira,SB,2022-02-15 22:50:20,-10.4544,161.9205,84.09,70,55,4.32
268,Hovd,MN,2022-02-15 22:50:20,48.0056,91.6419,-3.05,70,21,7.43
269,Iquique,CL,2022-02-15 22:46:19,-20.2208,-70.1431,71.64,76,36,3.85
270,Ternate,ID,2022-02-15 22:50:20,0.8,127.4,80.35,81,80,5.57
271,San Juan De Los Morros,VE,2022-02-15 22:50:21,9.9115,-67.3538,79.36,46,100,4.36
272,Kamaishi,JP,2022-02-15 22:50:21,39.2667,141.8833,38.14,75,90,6.6
273,Gualaceo,EC,2022-02-15 22:50:22,-2.9,-78.7833,67.66,89,100,3.8
274,Tazovskiy,RU,2022-02-15 22:50:22,67.4667,78.7,-22.76,100,53,8.52
275,Saint-Pierre,RE,2022-02-15 22:50:22,-21.3393,55.4781,78.44,69,0,6.91
276,Teguise,ES,2022-02-15 22:50:23,29.0605,-13.564,59.22,67,40,16.11
277,Orlik,RU,2022-02-15 22:51:23,52.5178,99.825,-20.81,98,70,2.73
278,Abu Dhabi,AE,2022-02-15 22:50:45,24.4667,54.3667,68.11,83,0,3.44
279,Altayskoye,RU,2022-02-15 22:51:24,51.9533,85.3325,8.87,95,100,0.92
280,Agua Verde,MX,2022-02-15 22:51:24,22.9,-106.05,76.51,57,2,8.08
281,Coos Bay,US,2022-02-15 22:47:06,43.3665,-124.2179,51.85,93,100,4.61
282,Rawson,AR,2022-02-15 22:51:25,-43.3002,-65.1023,78.69,43,5,11.01
283,Port Elizabeth,ZA,2022-02-15 22:51:25,-33.918,25.5701,73.09,94,75,8.05
284,Thompson,CA,2022-02-15 22:51:25,55.7435,-97.8558,5.16,61,75,4.61
285,Jasper,US,2022-02-15 22:51:26,37.2001,-94.3502,63.84,28,53,11.99
286,Disna,BY,2022-02-15 22:51:26,55.568,28.1971,32.54,91,93,12.28
287,Paita,PE,2022-02-15 22:51:27,-5.0892,-81.1144,79.36,75,23,15.43
288,Chaplynka,UA,2022-02-15 22:51:27,46.3651,33.5403,36.81,84,82,5.01
289,Fortuna,US,2022-02-15 22:47:06,40.5982,-124.1573,56.43,70,0,20.71
290,Pareora,NZ,2022-02-15 22:51:27,-44.4871,171.2132,65.17,96,74,6.31
291,Garowe,SO,2022-02-15 22:51:28,8.4054,48.4845,64.99,69,14,8.46
292,Antofagasta,CL,2022-02-15 22:46:51,-23.65,-70.4,69.08,81,20,6.35
293,Abha,SA,2022-02-15 22:50:14,18.2164,42.5053,57.45,77,0,3.44
294,Siquinala,GT,2022-02-15 22:51:28,14.3076,-90.9661,88.39,52,67,4.21
295,Snezhnogorsk,RU,2022-02-15 22:51:29,69.1933,33.2531,17.38,90,93,10.13
296,Falam,MM,2022-02-15 22:51:29,22.9167,93.6833,42.37,42,3,3.58
297,Vila Franca Do Campo,PT,2022-02-15 22:48:29,37.7167,-25.4333,64.2,86,100,9.04
298,Fort Nelson,CA,2022-02-15 22:51:29,58.8053,-122.7002,-0.81,71,100,0.0
299,Qurayyat,SA,2022-02-15 22:51:30,31.3318,37.3428,46.58,76,0,11.5
300,Tiksi,RU,2022-02-15 22:51:30,71.6872,128.8694,-19.79,98,38,2.28
301,Chernyshevskiy,RU,2022-02-15 22:51:31,63.0128,112.4714,-21.87,100,97,2.86
302,Necochea,AR,2022-02-15 22:50:03,-38.5473,-58.7368,76.03,60,0,7.74
303,Hambantota,LK,2022-02-15 22:51:31,6.1241,81.1185,74.55,74,97,11.68
304,Fairbanks,US,2022-02-15 22:50:28,64.8378,-147.7164,4.3,78,75,4.61
305,Pimentel,PE,2022-02-15 22:51:32,-6.8367,-79.9342,77.29,61,0,18.41
306,Salinas,US,2022-02-15 22:46:49,36.6777,-121.6555,63.01,53,0,18.41
307,Broome,US,2022-02-15 22:51:32,42.2506,-75.833,25.18,46,0,4.61
308,Beringovskiy,RU,2022-02-15 22:51:33,63.05,179.3167,-13.4,95,100,15.3
309,Ambulu,ID,2022-02-15 22:51:33,-8.345,113.6058,75.09,93,85,2.35
310,Chissamba,AO,2022-02-15 22:51:34,-12.1667,17.3333,62.89,96,100,5.1
311,Wainwright,CA,2022-02-15 22:47:33,52.839,-110.8572,19.31,87,100,10.54
312,Kozan,TR,2022-02-15 22:51:34,37.4552,35.8157,43.7,62,61,8.66
313,Iskateley,RU,2022-02-15 22:51:35,67.6803,53.1512,7.54,93,14,13.35
314,Moranbah,AU,2022-02-15 22:51:35,-22.0016,148.0466,75.4,70,83,19.06
315,Kudahuvadhoo,MV,2022-02-15 22:51:36,2.6708,72.8944,80.91,76,94,8.9
316,Katherine,AU,2022-02-15 22:51:36,-14.4667,132.2667,79.12,73,40,2.3
317,Adrar,MR,2022-02-15 22:51:37,20.5022,-10.0711,65.41,21,98,12.48
318,Kiama,AU,2022-02-15 22:51:37,-34.6833,150.8667,77.58,68,35,5.99
319,Acajutla,SV,2022-02-15 22:51:38,13.5928,-89.8275,85.8,51,10,4.74
320,Matagami,CA,2022-02-15 22:51:38,49.7502,-77.6328,3.31,51,0,5.75
321,Lazaro Cardenas,MX,2022-02-15 22:51:38,17.9583,-102.2,83.25,60,0,10.18
322,Mamallapuram,IN,2022-02-15 22:52:39,12.6264,80.1722,78.06,73,18,4.34
323,Jieshou,CN,2022-02-15 22:52:40,33.2634,115.3611,38.3,77,100,9.17
324,Baruun-Urt,MN,2022-02-15 22:52:40,46.6806,113.2792,-18.27,96,16,3.74
325,Lavrentiya,RU,2022-02-15 22:52:40,65.5833,-171.0,-13.49,93,30,5.41
326,General Roca,AR,2022-02-15 22:52:41,-39.0333,-67.5833,95.4,10,1,18.28
327,Honningsvag,NO,2022-02-15 22:52:41,70.9821,25.9704,33.55,69,75,17.27
328,Husavik,IS,2022-02-15 22:52:42,66.0449,-17.3389,30.11,75,100,30.53
329,Sompeta,IN,2022-02-15 22:52:42,18.9333,84.6,66.81,65,26,5.21
330,Nantucket,US,2022-02-15 22:52:42,41.2835,-70.0995,25.97,42,0,9.22
331,Tilichiki,RU,2022-02-15 22:52:43,60.4667,166.1,-17.72,91,14,12.26
332,Mahibadhoo,MV,2022-02-15 22:52:43,3.7833,72.9667,80.83,74,100,5.37
333,Champerico,GT,2022-02-15 22:52:45,14.3,-91.9167,88.34,63,7,11.25
334,Pervomayskoye,RU,2022-02-15 22:52:45,43.919,46.7102,37.4,79,59,9.78
335,Olafsvik,IS,2022-02-15 22:52:46,64.8945,-23.7142,33.1,70,100,18.07
336,Oni,GE,2022-02-15 22:52:46,42.5794,43.4425,28.35,90,75,4.56
337,Abbeville,FR,2022-02-15 22:52:46,50.1,1.8333,49.5,89,100,17.45
338,Poros,GR,2022-02-15 22:52:47,37.4994,23.4536,53.62,77,1,3.36
339,Saint Paul,US,2022-02-15 22:49:13,44.9444,-93.0933,34.29,69,0,18.41
340,Williams Lake,CA,2022-02-15 22:52:47,52.1415,-122.1445,35.17,78,100,2.3
341,Dukat,RU,2022-02-15 22:52:48,62.55,155.55,-24.5,100,84,5.46
342,Bengkulu,ID,2022-02-15 22:52:49,-3.8004,102.2655,74.89,82,92,3.89
343,Reconquista,AR,2022-02-15 22:50:11,-29.15,-59.65,86.94,23,0,6.08
344,Ulaangom,MN,2022-02-15 22:52:49,49.9811,92.0667,-25.69,86,48,2.98
345,Oktyabrskoye,RU,2022-02-15 22:52:50,43.0645,44.7417,28.54,100,82,4.47
346,Santa Rosa,PH,2022-02-15 22:52:50,14.3122,121.1114,78.1,81,91,7.67
347,Lebu,CL,2022-02-15 22:52:50,-37.6167,-73.65,60.91,78,1,9.08
348,Cairns,AU,2022-02-15 22:52:35,-16.9167,145.7667,83.1,85,40,9.22
349,Yenagoa,NG,2022-02-15 22:52:51,4.9247,6.2642,79.36,80,8,4.16
350,Pathein,MM,2022-02-15 22:52:53,16.7833,94.7333,70.86,69,92,6.46
351,Roald,NO,2022-02-15 22:52:53,62.5833,6.1333,37.09,93,75,2.3
352,Angoche,MZ,2022-02-15 22:52:54,-16.2325,39.9086,79.9,83,86,4.09
353,Haradok,BY,2022-02-15 22:52:54,55.4624,29.9816,29.21,91,76,10.58
354,San Patricio,US,2022-02-15 22:52:54,28.017,-97.5169,75.88,55,13,17.83
355,Bay Shore,US,2022-02-15 22:48:04,40.7251,-73.2454,30.27,48,0,10.36
356,Saint Anthony,US,2022-02-15 22:52:55,45.0205,-93.218,33.73,69,0,18.41
357,Lasa,IT,2022-02-15 22:52:56,46.6166,10.7002,31.46,93,76,4.54
358,Thinadhoo,MV,2022-02-15 22:52:56,0.5333,72.9333,83.26,66,99,11.74
359,Anloga,GH,2022-02-15 22:52:57,5.7947,0.8973,82.62,86,36,14.12
360,Uthal,PK,2022-02-15 22:52:57,25.8072,66.6219,68.43,62,0,2.82
361,Gotsu,JP,2022-02-15 22:52:57,35.0,132.2167,34.57,60,100,27.34
362,Colares,PT,2022-02-15 22:52:58,38.7992,-9.4469,54.34,67,100,20.0
363,Aswan,EG,2022-02-15 22:52:58,24.0934,32.907,60.1,33,0,4.61
364,Verkhnevilyuysk,RU,2022-02-15 22:52:58,63.4453,120.3167,-36.47,100,72,2.68
365,Ca Mau,VN,2022-02-15 22:52:59,9.1769,105.15,77.61,82,39,9.06
366,Korla,CN,2022-02-15 22:52:59,41.7597,86.1469,29.77,49,46,3.49
367,Port Said,EG,2022-02-15 22:52:59,31.2565,32.2841,58.98,67,0,6.91
368,Farafangana,MG,2022-02-15 22:54:00,-22.8167,47.8333,75.74,91,15,7.16
369,Karpokhorion,GR,2022-02-15 22:54:01,39.3333,22.0167,52.03,83,61,1.34
370,Torrington,US,2022-02-15 22:54:02,41.8007,-73.1212,26.13,48,71,2.73
371,Bahia Blanca,AR,2022-02-15 22:52:44,-38.7196,-62.2724,86.7,33,1,9.37
372,Funadhoo,MV,2022-02-15 22:54:02,6.15,73.2667,80.91,68,42,1.16
373,Ventspils,LV,2022-02-15 22:54:03,57.3894,21.5606,39.13,81,100,13.8
374,Oulu,FI,2022-02-15 22:54:03,65.0124,25.4682,24.91,93,100,18.41
375,Aklavik,CA,2022-02-15 22:54:03,68.2191,-135.0107,-21.17,68,20,0.0
376,Novita,CO,2022-02-15 22:54:04,4.9551,-76.6053,76.41,96,70,2.57
377,Muisne,EC,2022-02-15 22:54:04,0.6,-80.0333,82.51,87,96,7.31
378,Nyrob,RU,2022-02-15 22:54:04,60.733,56.7202,18.07,97,100,4.38
379,Narrabri,AU,2022-02-15 22:54:04,-30.3167,149.7833,74.52,56,0,4.61
380,Kapoeta,SS,2022-02-15 22:54:05,4.7717,33.5903,83.35,28,82,3.53
381,Rio Grande,BR,2022-02-15 22:54:05,-32.035,-52.0986,70.88,69,0,10.89
382,Isangel,VU,2022-02-15 22:52:47,-19.55,169.2667,82.51,83,40,2.3
383,Norman Wells,CA,2022-02-15 22:54:05,65.282,-126.8329,-21.96,63,20,3.44
384,Katsuura,JP,2022-02-15 22:54:06,35.1333,140.3,41.18,62,0,19.39
385,Avera,US,2022-02-15 22:54:06,33.194,-82.5271,62.11,48,52,5.46
386,Hualmay,PE,2022-02-15 22:54:06,-11.0964,-77.6139,73.06,74,57,12.3
387,Launceston,AU,2022-02-15 22:54:07,-41.45,147.1667,67.64,75,75,2.3
388,Madison,US,2022-02-15 22:54:07,34.7334,-86.5667,65.62,27,0,12.66
389,Shubarshi,KZ,2022-02-15 22:54:07,48.5872,57.1869,11.64,99,95,6.73
390,Karakol,KG,2022-02-15 22:54:08,42.4907,78.3936,14.29,85,100,5.77
391,Bonavista,CA,2022-02-15 22:54:08,48.6499,-53.1147,16.12,64,100,20.09
392,Kapelle,FR,2022-02-15 22:54:08,50.9998,2.3585,49.1,96,100,10.0
393,Tecolutilla,MX,2022-02-15 22:54:08,18.2833,-93.3167,75.94,83,89,8.5
394,Filadelfia,US,2022-02-15 22:49:45,39.9523,-75.1638,32.05,41,0,3.0
395,Ulladulla,AU,2022-02-15 22:54:09,-35.35,150.4667,79.88,57,1,10.07
396,Westport,US,2022-02-15 22:54:09,41.1415,-73.3579,29.19,44,50,3.0
397,Collierville,US,2022-02-15 22:53:16,35.042,-89.6645,67.75,53,0,8.86
398,Kieta,PG,2022-02-15 22:54:10,-6.2167,155.6333,77.27,92,100,6.04
399,Samarai,PG,2022-02-15 22:54:10,-10.6167,150.6667,83.12,77,99,6.22
400,Chapais,CA,2022-02-15 22:54:11,49.7834,-74.8492,-2.42,92,100,5.03
401,Yulara,AU,2022-02-15 22:54:11,-25.2406,130.9889,76.84,53,21,9.22
402,Mwingi,KE,2022-02-15 22:54:12,-0.9344,38.0601,67.84,60,100,1.01
403,Tshikapa,CD,2022-02-15 22:54:12,-6.4167,20.8,70.75,95,100,1.7
404,Santa Helena De Goias,BR,2022-02-15 22:54:12,-17.8136,-50.5969,76.69,77,59,2.06
405,Okha,RU,2022-02-15 22:54:13,53.5739,142.9478,-2.4,97,100,15.1
406,Melilla,ES,2022-02-15 22:54:13,35.2937,-2.9383,52.18,54,0,3.44
407,Khasan,RU,2022-02-15 22:54:13,42.4308,130.6434,12.76,66,100,25.99
408,Dong Hoi,VN,2022-02-15 22:53:30,17.4833,106.6,66.25,92,100,4.94
409,Mangrol,IN,2022-02-15 22:54:14,21.1167,70.1167,67.1,73,1,9.73
410,Acarau,BR,2022-02-15 22:54:14,-2.8856,-40.12,80.4,73,46,13.56
411,Rzhev,RU,2022-02-15 22:54:14,56.2624,34.3282,24.37,88,46,11.63
412,Coquimbo,CL,2022-02-15 22:55:22,-29.9533,-71.3436,69.53,64,0,13.8
413,Pachora,IN,2022-02-15 22:55:22,20.6667,75.35,68.29,45,0,2.17
414,Nizhneudinsk,RU,2022-02-15 22:55:22,54.9076,99.0276,-2.69,98,100,2.26
415,Pontes E Lacerda,BR,2022-02-15 22:55:23,-15.2261,-59.3353,75.61,95,100,1.34
416,Srandakan,ID,2022-02-15 22:55:23,-7.9386,110.2506,61.74,91,53,3.09
417,Christchurch,NZ,2022-02-15 22:55:23,-43.5333,172.6333,66.47,75,75,8.05
418,Le Port,RE,2022-02-15 22:55:24,-20.9373,55.2919,78.76,81,8,4.47
419,Jizan,SA,2022-02-15 22:55:24,17.3333,42.6667,77.94,76,6,6.31
420,Acapulco,MX,2022-02-15 22:55:24,16.8634,-99.8901,83.3,62,1,9.17
421,Aranda De Duero,ES,2022-02-15 22:55:25,41.6704,-3.6892,37.94,84,98,9.17
422,Oakham,GB,2022-02-15 22:55:25,52.6667,-0.7333,46.38,93,100,11.39
423,Ketou,BJ,2022-02-15 22:55:26,7.3633,2.5998,80.65,75,3,5.84
424,Qandala,SO,2022-02-15 22:55:26,11.472,49.8728,72.63,47,30,2.55
425,Itarema,BR,2022-02-15 22:55:26,-2.9248,-39.9167,80.28,72,47,12.35
426,Meulaboh,ID,2022-02-15 22:55:27,4.1363,96.1285,76.66,87,100,5.97
427,Zaozerne,UA,2022-02-15 22:55:27,45.1582,33.2787,39.78,67,84,7.38
428,Weligama,LK,2022-02-15 22:55:28,5.9667,80.4167,74.43,88,91,1.57
429,Nioki,CD,2022-02-15 22:55:28,-2.7167,17.6833,73.4,79,97,4.0
430,Voh,NC,2022-02-15 22:55:28,-20.9667,164.7,83.84,74,32,3.49
431,Ijui,BR,2022-02-15 22:55:29,-28.3878,-53.9147,84.22,30,0,9.26
432,Chililabombwe,ZM,2022-02-15 22:55:29,-12.3648,27.8229,61.29,97,95,2.04
433,Preobrazheniye,RU,2022-02-15 22:55:29,42.9019,133.9064,22.39,73,100,15.3
434,Vanimo,PG,2022-02-15 22:55:30,-2.6741,141.3028,78.42,87,100,2.84
435,Dosso,NE,2022-02-15 22:55:30,13.049,3.1937,79.95,13,2,8.1
436,Moose Factory,CA,2022-02-15 22:55:30,51.2585,-80.6094,1.4,51,0,11.5
437,Lorengau,PG,2022-02-15 22:55:31,-2.0226,147.2712,82.87,74,97,5.12
438,Palmer,US,2022-02-15 22:55:31,42.1584,-72.3287,26.15,41,40,8.05
439,Jalostotitlan,MX,2022-02-15 22:55:31,21.2,-102.4667,77.09,17,4,13.09
440,Abnub,EG,2022-02-15 22:55:31,27.2696,31.1511,52.02,59,12,14.7
441,Faya,SA,2022-02-15 22:55:32,18.3851,42.4509,57.72,88,4,3.18
442,Suntar,RU,2022-02-15 22:55:32,62.1444,117.6319,-25.11,100,99,1.7
443,Pattani,TH,2022-02-15 22:55:33,6.75,100.4167,80.49,98,68,2.44
444,Vestmannaeyjar,IS,2022-02-15 22:55:33,63.4427,-20.2734,36.27,55,87,13.96
445,Turinsk,RU,2022-02-15 22:55:34,58.0458,63.696,4.86,97,93,6.24
446,Chaoyang,CN,2022-02-15 22:55:34,41.5703,120.4586,0.18,77,0,5.17
447,Inuvik,CA,2022-02-15 22:55:34,68.3499,-133.7218,-21.14,69,0,4.61
448,Altay,CN,2022-02-15 22:55:35,47.8667,88.1167,1.96,78,82,7.74
449,Lakheri,IN,2022-02-15 22:55:35,25.6667,76.1667,57.65,41,0,3.2
450,Puerto Baquerizo Moreno,EC,2022-02-15 22:55:35,-0.9,-89.6,83.39,65,20,13.8
451,Ayagoz,KZ,2022-02-15 22:55:35,47.9714,80.4392,-8.9,100,100,5.23
452,Kiunga,PG,2022-02-15 22:55:36,-6.1219,141.2906,76.62,92,99,1.01
453,Shingu,JP,2022-02-15 22:55:36,33.7333,135.9833,40.91,60,7,13.42
454,Tonota,BW,2022-02-15 22:55:37,-21.4833,27.4833,65.98,69,0,7.67
455,Sobolevo,RU,2022-02-15 22:55:37,54.4299,31.8996,23.02,91,98,10.6
456,Nong Khai,TH,2022-02-15 22:55:38,17.9167,103.0833,74.03,65,52,5.41
457,Yerbogachen,RU,2022-02-15 22:55:38,61.2767,108.0108,-16.71,100,96,2.64
458,Shasta Lake,US,2022-02-15 22:55:38,40.6804,-122.3708,63.93,24,0,6.38
459,Nhamunda,BR,2022-02-15 22:56:39,-2.1861,-56.7131,72.54,99,100,2.1
460,Turayf,SA,2022-02-15 22:56:39,31.6725,38.6637,44.85,76,0,9.22
461,Warrnambool,AU,2022-02-15 22:56:39,-38.3833,142.4833,60.82,67,100,2.44
462,Port Augusta,AU,2022-02-15 22:56:40,-32.5,137.7667,68.14,60,100,19.51
463,Piet Retief,ZA,2022-02-15 22:56:40,-27.0071,30.8132,60.58,96,54,1.63
464,Nosy Varika,MG,2022-02-15 22:56:41,-20.5833,48.5333,74.46,91,94,3.38
465,Haines Junction,CA,2022-02-15 22:56:41,60.7522,-137.5108,31.95,47,94,0.0
466,Tandil,AR,2022-02-15 22:56:41,-37.3217,-59.1332,74.41,59,0,6.06
467,Pskov,RU,2022-02-15 22:56:42,57.8136,28.3496,33.71,93,100,8.95
468,Gizo,SB,2022-02-15 22:56:42,-8.103,156.8419,81.34,77,98,4.9
469,Bairiki,KI,2022-02-15 22:56:42,1.3292,172.9752,86.0,66,20,10.36
470,Bismarck,US,2022-02-15 22:55:25,46.8083,-100.7837,27.46,67,100,11.5
471,Jian,CN,2022-02-15 22:56:43,27.1172,114.9793,47.91,85,100,3.8
472,Luderitz,NA,2022-02-15 22:56:43,-26.6481,15.1594,67.75,84,0,11.12
473,Birao,CF,2022-02-15 22:56:43,10.2849,22.7882,70.79,13,84,6.44
474,Guarapari,BR,2022-02-15 22:56:44,-20.6667,-40.4975,73.89,95,100,1.61
475,Oistins,BB,2022-02-15 22:56:44,13.0667,-59.5333,78.89,73,40,20.71
476,Dingle,PH,2022-02-15 22:56:44,10.9995,122.6711,72.86,86,100,6.8
477,Vilyuysk,RU,2022-02-15 22:56:45,63.7553,121.6247,-35.45,100,30,3.96
478,Port Hardy,CA,2022-02-15 22:56:45,50.6996,-127.4199,48.38,66,75,11.5
479,Adre,TD,2022-02-15 22:56:45,13.4667,22.2,68.32,11,34,14.07
480,Sainte-Suzanne,RE,2022-02-15 22:56:45,-20.9061,55.6089,78.98,73,0,12.66
481,Minna,NG,2022-02-15 22:56:46,9.6139,6.5569,83.16,13,7,7.72
482,Benjamin Constant,BR,2022-02-15 22:56:46,-4.3831,-70.0311,87.93,70,20,2.3
483,Moberly,US,2022-02-15 22:56:46,39.4184,-92.4382,63.82,27,0,10.36
484,Zhezkazgan,KZ,2022-02-15 22:56:47,47.8043,67.7144,-10.79,100,73,3.56
485,Lusambo,CD,2022-02-15 22:56:47,-4.9667,23.45,70.39,98,100,2.39
486,De Aar,ZA,2022-02-15 22:56:48,-30.6497,24.0123,72.14,54,100,6.42
487,Clara,IE,2022-02-15 22:56:48,53.3425,-7.6139,52.88,95,100,21.43
488,Byron Bay,AU,2022-02-15 22:51:57,-28.65,153.6167,75.06,62,76,9.33
489,Morondava,MG,2022-02-15 22:56:49,-20.2833,44.2833,80.08,77,80,3.44
490,Puerto Ayacucho,VE,2022-02-15 22:56:49,5.6639,-67.6236,91.18,40,81,5.12
491,Itacare,BR,2022-02-15 22:56:49,-14.2775,-38.9967,82.29,85,23,6.33
492,Sechura,PE,2022-02-15 22:56:50,-5.5569,-80.8222,80.13,58,20,17.87
493,Kysyl-Syr,RU,2022-02-15 22:56:50,63.8986,122.7617,-37.84,100,49,3.6
494,Shimoda,JP,2022-02-15 22:56:50,34.6667,138.95,45.1,61,4,26.69
495,Manica,FR,2022-02-15 22:56:51,49.0,-1.1667,51.21,96,100,16.02
496,Owando,CG,2022-02-15 22:56:51,-0.4819,15.8999,78.08,54,83,2.17
497,Tura,IN,2022-02-15 22:56:51,25.5198,90.2201,55.87,52,0,2.28
498,Albury,AU,2022-02-15 22:56:52,-36.0833,146.9167,85.32,91,78,4.61
499,Lakhtar,IN,2022-02-15 22:56:52,22.85,71.7833,66.88,32,0,7.72
500,Yumen,CN,2022-02-15 22:56:53,40.2833,97.2,27.21,43,100,16.06
501,Dawlatabad,AF,2022-02-15 22:56:53,36.4141,64.9053,35.65,48,9,2.91
502,Ambon,ID,2022-02-15 22:53:48,-3.6954,128.1814,75.34,94,40,6.91
503,Berlevag,NO,2022-02-15 22:56:54,70.8578,29.0864,31.08,67,100,19.95
504,Naze,JP,2022-02-15 22:53:19,28.3667,129.4833,52.72,66,82,14.92
505,Zhanaozen,KZ,2022-02-15 22:57:54,43.3,52.8,30.02,46,1,7.65
506,Moindou,NC,2022-02-15 22:57:55,-21.6924,165.677,84.15,74,39,5.61
507,Lucea,JM,2022-02-15 22:57:55,18.451,-78.1736,82.26,72,13,13.58
508,Nalut,LY,2022-02-15 22:57:55,30.3333,10.85,50.36,79,98,9.8
509,Ixtapa,MX,2022-02-15 22:57:56,20.7,-105.2,85.28,36,0,6.13
510,Show Low,US,2022-02-15 22:56:32,34.2542,-110.0298,59.68,13,0,31.07
511,Arvin,US,2022-02-15 22:54:30,35.2091,-118.8284,54.61,80,90,10.8
512,Albanel,CA,2022-02-15 22:57:56,48.8832,-72.4487,3.34,55,86,10.36
513,Vila Velha,BR,2022-02-15 22:57:57,-20.3297,-40.2925,73.94,97,75,2.3
514,Mawlaik,MM,2022-02-15 22:57:57,23.6333,94.4167,51.98,60,0,1.1
515,Novyye Burasy,RU,2022-02-15 22:57:57,52.1324,46.0714,4.28,95,62,5.95
516,Kloulklubed,PW,2022-02-15 22:57:58,7.0419,134.2556,79.3,82,100,17.09
517,Puerto Escondido,MX,2022-02-15 22:57:58,15.85,-97.0667,82.72,61,3,5.5
518,Ipora,BR,2022-02-15 22:57:58,-16.4419,-51.1178,73.99,87,86,1.34
519,Homer,US,2022-02-15 22:57:59,59.6425,-151.5483,35.8,87,100,4.0
520,Maragogi,BR,2022-02-15 22:53:15,-9.0122,-35.2225,79.45,74,0,8.97
521,Shimanovsk,RU,2022-02-15 22:57:59,52.0,127.7,-4.81,92,86,5.44
522,Kargasok,RU,2022-02-15 22:58:00,59.0556,80.8572,-3.91,97,100,7.05
523,Enshi,CN,2022-02-15 22:58:00,30.3,109.4833,42.89,83,96,1.3
524,Sorong,ID,2022-02-15 22:58:00,-0.8833,131.25,79.65,82,100,0.49
525,Gbadolite,CD,2022-02-15 22:55:08,4.2833,21.0167,76.01,20,91,0.65
526,Buraydah,SA,2022-02-15 22:58:01,26.326,43.975,55.85,19,0,8.99
527,Tabas,IR,2022-02-15 22:58:01,33.5959,56.9244,48.61,40,0,3.96
528,Vyartsilya,RU,2022-02-15 22:58:02,62.1764,30.693,32.58,98,100,9.51
529,Dryden,CA,2022-02-15 22:58:02,49.7833,-92.7503,10.69,85,100,10.36
530,Staryy Nadym,RU,2022-02-15 22:58:03,65.6118,72.6842,-14.31,100,82,9.37
531,Waddan,LY,2022-02-15 22:58:03,29.1614,16.139,58.14,31,100,9.82
532,Damietta,EG,2022-02-15 22:58:04,31.4165,31.8133,58.89,59,30,10.87
533,Chumikan,RU,2022-02-15 22:58:04,54.7183,135.315,-9.49,90,95,7.16
534,Baicheng,CN,2022-02-15 22:58:04,45.6167,122.8167,3.85,94,99,8.03
535,Flin Flon,CA,2022-02-15 22:58:05,54.7682,-101.865,6.64,78,100,9.22
536,Nizwa,OM,2022-02-15 22:58:05,22.9333,57.5333,62.2,73,0,2.37
537,Magadan,RU,2022-02-15 22:58:05,59.5667,150.8,-1.08,74,91,11.43
538,George,ZA,2022-02-15 22:58:06,-33.963,22.4617,67.55,100,75,10.36
539,Ambilobe,MG,2022-02-15 22:58:06,-13.2,49.05,74.41,96,99,1.5
540,Sembe,CG,2022-02-15 22:58:06,1.6481,14.5806,80.04,35,96,0.74
541,Sao Joaquim,BR,2022-02-15 22:54:01,-28.2939,-49.9317,55.09,81,1,4.63
542,Ankazoabo,MG,2022-02-15 22:58:07,-22.2833,44.5167,73.22,84,85,5.14
543,Changji,CN,2022-02-15 22:58:07,44.0167,87.3167,20.19,93,100,4.47
544,Keti Bandar,PK,2022-02-15 22:58:08,24.1447,67.4497,70.12,72,0,11.12
545,Toamasina,MG,2022-02-15 22:58:08,-18.1667,49.3833,73.4,100,75,4.61
546,Bandarbeyla,SO,2022-02-15 22:58:08,9.4942,50.8122,74.21,59,0,14.0
547,Yar-Sale,RU,2022-02-15 22:59:09,66.8333,70.8333,-15.95,99,29,10.4
548,Brewster,US,2022-02-15 22:59:09,41.3973,-73.6171,28.24,51,79,2.93
549,Martinez,US,2022-02-15 22:59:09,38.0194,-122.1341,65.55,31,0,3.0
550,Cordoba,AR,2022-02-15 22:55:50,-31.4135,-64.1811,85.05,51,0,6.91
551,Wanning,CN,2022-02-15 22:59:10,18.8003,110.3967,69.46,91,100,8.16
552,Gold Coast,AU,2022-02-15 22:57:21,-28.0,153.4333,80.24,84,74,4.0
553,Nyurba,RU,2022-02-15 22:59:10,63.2842,118.3319,-29.85,100,95,3.2
554,Klaksvik,FO,2022-02-15 22:59:10,62.2266,-6.589,34.72,97,100,15.1
555,Kyzyl-Suu,KG,2022-02-15 22:59:11,42.3414,78.0056,17.74,83,100,7.54
556,Xunchang,CN,2022-02-15 22:59:11,28.4543,104.715,50.86,89,100,1.68
557,Itoman,JP,2022-02-15 22:59:11,26.1247,127.6694,62.62,67,75,13.8
558,The Valley,AI,2022-02-15 22:59:12,18.217,-63.0578,78.66,78,3,19.73
559,Turukhansk,RU,2022-02-15 22:59:12,65.8167,87.9833,-16.31,86,2,8.77
560,Hofn,IS,2022-02-15 22:59:12,64.2539,-15.2082,35.85,94,100,31.52
561,Veraval,IN,2022-02-15 22:59:13,20.9,70.3667,66.96,69,0,10.65
562,Balabac,PH,2022-02-15 22:59:13,7.9868,117.0645,79.68,80,15,6.49
563,Mlonggo,ID,2022-02-15 22:59:14,-6.5333,110.7,76.89,84,96,7.02
564,Teya,RU,2022-02-15 22:59:14,60.3778,92.6267,-21.35,100,46,2.46
565,Neepawa,CA,2022-02-15 22:59:14,50.2289,-99.4664,3.6,96,100,2.57
566,Lazarev,RU,2022-02-15 22:59:15,52.225,141.5131,-12.66,96,49,4.9
567,Malakal,SS,2022-02-15 22:59:15,9.5334,31.6605,79.54,16,16,6.64
